{"properties":{"connectionReferences":{},"definition":{"$schema":"https://schema.management.azure.com/providers/Microsoft.Logic/schemas/2016-06-01/workflowdefinition.json#","contentVersion":"1.0.0.0","parameters":{"$authentication":{"defaultValue":{},"type":"SecureObject"}},"triggers":{"manual":{"metadata":{"operationMetadataId":"6436651c-ccf1-4ff6-8a42-7eac142442c3"},"type":"Request","kind":"PowerAppV2","inputs":{"schema":{"type":"object","properties":{"text":{"title":"URI","type":"string","x-ms-dynamically-added":true,"description":"URIを指定してください","x-ms-content-hint":"TEXT"}},"required":["text"]}}}},"actions":{"PowerApp_または_Flow_に応答する":{"runAfter":{},"metadata":{"operationMetadataId":"ee656651-3101-43fe-89aa-30b324300283"},"type":"Response","kind":"PowerApp","inputs":{"statusCode":200,"body":{"base64image":"Base64Image"},"schema":{"type":"object","properties":{"base64image":{"title":"Base64Image","x-ms-dynamically-added":true,"type":"string"}}}}}},"outputs":{}}},"schemaVersion":"1.0.0.0"}