{"properties":{"connectionReferences":{},"definition":{"$schema":"https://schema.management.azure.com/providers/Microsoft.Logic/schemas/2016-06-01/workflowdefinition.json#","contentVersion":"1.0.0.0","parameters":{"$authentication":{"defaultValue":{},"type":"SecureObject"}},"triggers":{"manual":{"metadata":{"operationMetadataId":"6436651c-ccf1-4ff6-8a42-7eac142442c3"},"type":"Request","kind":"PowerAppV2","inputs":{"schema":{"type":"object","properties":{"text":{"title":"URI","type":"string","x-ms-dynamically-added":true,"description":"URIを指定してください","x-ms-content-hint":"TEXT"}},"required":["text"]}}}},"actions":{"PowerApp_または_Flow_に応答する":{"runAfter":{"作成":["Succeeded"]},"metadata":{"operationMetadataId":"ee656651-3101-43fe-89aa-30b324300283"},"type":"Response","kind":"PowerApp","inputs":{"statusCode":200,"body":{"image":"@{outputs('HTTP')?['body/$content']}"},"schema":{"type":"object","properties":{"image":{"title":"image","x-ms-dynamically-added":true,"type":"string","format":"byte"}}}}},"変数uriを初期化する":{"runAfter":{},"metadata":{"operationMetadataId":"2db7134b-68bd-46c7-9454-a08e2beb3f84"},"type":"InitializeVariable","inputs":{"variables":[{"name":"uri","type":"string","value":"@triggerBody()['text']"}]}},"変数endpointUriを初期化する":{"runAfter":{"変数uriを初期化する":["Succeeded"]},"metadata":{"operationMetadataId":"edf9c3c9-7ea7-41ee-bcf6-0f3fcb80c8cd"},"type":"InitializeVariable","inputs":{"variables":[{"name":"endpointUri","type":"string","value":"https://image.thum.io/get/png/@{variables('uri')}"}]}},"HTTP":{"runAfter":{"変数endpointUriを初期化する":["Succeeded"]},"metadata":{"operationMetadataId":"d3a7f7aa-c891-450c-b58b-b031a9f48715"},"type":"Http","inputs":{"method":"GET","uri":"@variables('endpointUri')"}},"作成":{"runAfter":{"HTTP":["Succeeded"]},"metadata":{"operationMetadataId":"a917686b-08f3-4737-bc1d-3fc5d5549015"},"type":"Compose","inputs":"data:image/png;base64,@{outputs('HTTP')?['body/$content']}"}},"outputs":{}}},"schemaVersion":"1.0.0.0"}