{"properties":{"connectionReferences":{"shared_commondataserviceforapps":{"runtimeSource":"embedded","connection":{"connectionReferenceLogicalName":"new_sharedcommondataserviceforapps_d04e4"},"api":{"name":"shared_commondataserviceforapps"}}},"definition":{"$schema":"https://schema.management.azure.com/providers/Microsoft.Logic/schemas/2016-06-01/workflowdefinition.json#","contentVersion":"1.0.0.0","parameters":{"$connections":{"defaultValue":{},"type":"Object"},"$authentication":{"defaultValue":{},"type":"SecureObject"}},"triggers":{"行が追加、変更、または削除された場合":{"metadata":{"operationMetadataId":"6a835d53-94b7-4015-8a9b-ba3ce601c61b"},"type":"OpenApiConnectionWebhook","inputs":{"host":{"connectionName":"shared_commondataserviceforapps","operationId":"SubscribeWebhookTrigger","apiId":"/providers/Microsoft.PowerApps/apis/shared_commondataserviceforapps"},"parameters":{"subscriptionRequest/message":4,"subscriptionRequest/entityname":"ya_bookmark","subscriptionRequest/scope":4},"authentication":"@parameters('$authentication')"}}},"actions":{"変数uriを初期化する":{"runAfter":{},"metadata":{"operationMetadataId":"2db7134b-68bd-46c7-9454-a08e2beb3f84"},"type":"InitializeVariable","inputs":{"variables":[{"name":"uri","type":"string","value":"@triggerOutputs()?['body/ya_uri']"}]}},"変数endpointUriを初期化する":{"runAfter":{"変数uriを初期化する":["Succeeded"]},"metadata":{"operationMetadataId":"edf9c3c9-7ea7-41ee-bcf6-0f3fcb80c8cd"},"type":"InitializeVariable","inputs":{"variables":[{"name":"endpointUri","type":"string","value":"https://image.thum.io/get/png/@{variables('uri')}"}]}},"HTTP":{"runAfter":{"変数endpointUriを初期化する":["Succeeded"]},"metadata":{"operationMetadataId":"d3a7f7aa-c891-450c-b58b-b031a9f48715"},"type":"Http","inputs":{"method":"GET","uri":"@variables('endpointUri')"}},"ファイルまたは画像をアップロードする":{"runAfter":{"HTTP":["Succeeded"]},"metadata":{"operationMetadataId":"9e3cf8df-71c6-42a1-a8ab-84b1071f1af3"},"type":"OpenApiConnection","inputs":{"host":{"connectionName":"shared_commondataserviceforapps","operationId":"UpdateEntityFileImageFieldContent","apiId":"/providers/Microsoft.PowerApps/apis/shared_commondataserviceforapps"},"parameters":{"entityName":"ya_bookmarks","recordId":"@triggerOutputs()?['body/ya_bookmarkid']","fileImageFieldName":"ya_thumbnail","item":"@base64ToBinary(outputs('HTTP')?['body/$content'])","x-ms-file-name":"thumnail.png"},"authentication":"@parameters('$authentication')"}}},"outputs":{}}},"schemaVersion":"1.0.0.0"}